,precision,recall,f1-score,support
abnormal,0.6902173913043478,1.0,0.8167202572347267,127.0
clear,0.0,0.0,0.0,57.0
accuracy,0.6902173913043478,0.6902173913043478,0.6902173913043478,0.6902173913043478
macro avg,0.3451086956521739,0.5,0.40836012861736337,184.0
weighted avg,0.4764000472589792,0.6902173913043478,0.563714525373969,184.0
